{
    "prc": [
        {
            "precision": 0.3770491803278688,
            "recall": 1.0,
            "thresh": 0.0
        },
        {
            "precision": 0.8979591836734694,
            "recall": 0.9565217391304348,
            "thresh": 1.0
        }
    ]
}