{
    "roc": [
        {
            "fpr": 0.0,
            "tpr": 0.0,
            "th": 2.0
        },
        {
            "fpr": 0.06578947368421052,
            "tpr": 0.9565217391304348,
            "th": 1.0
        },
        {
            "fpr": 1.0,
            "tpr": 1.0,
            "th": 0.0
        }
    ]
}