{
    "prc": [
        {
            "r_fpr": 0.0,
            "r_tpr": 0.0,
            "rh": 2.0
        },
        {
            "r_fpr": 0.05263157894736842,
            "r_tpr": 0.9565217391304348,
            "rh": 1.0
        },
        {
            "r_fpr": 1.0,
            "r_tpr": 1.0,
            "rh": 0.0
        }
    ]
}