{
    "prc": [
        {
            "r_fpr": 0.0,
            "r_tpr": 0.0,
            "rh": 2.0
        },
        {
            "r_fpr": 0.09473684210526316,
            "r_tpr": 0.847457627118644,
            "rh": 1.0
        },
        {
            "r_fpr": 1.0,
            "r_tpr": 1.0,
            "rh": 0.0
        }
    ]
}