{
    "prc": [
        {
            "precision": 0.33116883116883117,
            "recall": 1.0,
            "threshold": 0.0
        },
        {
            "precision": 0.8461538461538461,
            "recall": 0.8627450980392157,
            "threshold": 1.0
        }
    ]
}